{
  "meta": {
    "varlen": true,
    "maxlen": 5,
    "vocab_size": 4096,
    "batch_size": 512,
    "per_step": true,
    "expected_holdout_frac": 0.1,
    "length_cost": 1.0
  },
  "sanity": {
    "train_items": 241249,
    "holdout_items": 26805,
    "cold_items": 30899,
    "holdout_frac_of_train": 0.11110926884671024,
    "cold_minus_holdout": 4094
  },
  "train": {
    "n_items": 241249,
    "recon_head_longtail": {
      "head": {
        "uniform": {
          "@last": 0.029700476332649665,
          "@varlen": 0.031527721400970356
        },
        "unigram": {
          "@last": 0.02033283608758192,
          "@varlen": 0.01845141042657675
        }
      },
      "longtail": {
        "uniform": {
          "@last": 0.05015936116359057,
          "@varlen": 0.0540472539134775
        },
        "unigram": {
          "@last": 0.0453025721548941,
          "@varlen": 0.04929806757815167
        }
      }
    },
    "recon": {
      "uniform": {
        "@1": 0.23049745003930194,
        "@2": 0.11573501766071173,
        "@3": 0.07761551526525837,
        "@4": 0.05872525314129859,
        "@5": 0.047867956568428106,
        "@varlen": 0.05152505582527571
      },
      "unigram": {
        "@1": 0.1384753174616907,
        "@2": 0.0571260713289935,
        "@3": 0.03958256070471907,
        "@4": 0.030983136878016293,
        "@5": 0.02665914137729481,
        "@varlen": 0.026266686086027013
      }
    },
    "codebook": {
      "perplexity@1": 2165.1074821522193,
      "codebook_usage@1": 0.909423828125,
      "perplexity@2": 3403.0472257826277,
      "codebook_usage@2": 0.99462890625,
      "perplexity@3": 3308.2688282548374,
      "codebook_usage@3": 0.998779296875,
      "perplexity@4": 3301.1487916900164,
      "codebook_usage@4": 0.993896484375,
      "perplexity@5": 3275.5913175369888,
      "codebook_usage@5": 0.9853515625,
      "perplexity_macro": 3090.6327290833383,
      "codebook_usage_macro": 0.976416015625,
      "perplexity_micro": 3608.7717239523804,
      "codebook_usage_micro": 0.99951171875,
      "total_tokens_micro": 1001195
    },
    "length": {
      "mean_uniform": 4.150048290355608,
      "mean_unigram": 2.9573274843557384
    },
    "popularity_length": {
      "pop_stats_by_length": {
        "1": {
          "count": 7562,
          "pop_mean": 2248.9439301772018,
          "pop_median": 111.0,
          "pop_std": 5556.368536661314,
          "pop_min": 16.0,
          "pop_max": 82097.0
        },
        "2": {
          "count": 12485,
          "pop_mean": 1154.1334401281538,
          "pop_median": 142.0,
          "pop_std": 2170.591951674378,
          "pop_min": 16.0,
          "pop_max": 23034.0
        },
        "3": {
          "count": 28421,
          "pop_mean": 292.2439393406284,
          "pop_median": 66.0,
          "pop_std": 651.0686942855557,
          "pop_min": 16.0,
          "pop_max": 10082.0
        },
        "4": {
          "count": 80505,
          "pop_mean": 214.127110117384,
          "pop_median": 58.0,
          "pop_std": 456.5703605856222,
          "pop_min": 16.0,
          "pop_max": 10037.0
        },
        "5": {
          "count": 112276,
          "pop_mean": 125.37308952937404,
          "pop_median": 44.0,
          "pop_std": 247.01466680550868,
          "pop_min": 16.0,
          "pop_max": 7027.0
        }
      }
    },
    "head_longtail": {
      "mean_length_head": 3.488045891931902,
      "mean_length_longtail": 4.233544478105205,
      "count_head": 27020,
      "count_longtail": 214229
    },
    "distinctness": {
      "n_items": 241249,
      "n_unique_codes": 228012,
      "unique_codes_per_item": 0.9451313787829172
    }
  },
  "holdout": {
    "n_items": 26805,
    "recon_head_longtail": {
      "head": {
        "uniform": {
          "@last": 0.04500428086159212,
          "@varlen": 0.04951534715274835
        },
        "unigram": {
          "@last": 0.04465199808785105,
          "@varlen": 0.04919875912149118
        }
      },
      "longtail": {
        "uniform": {
          "@last": 0.05197731362309811,
          "@varlen": 0.055864762089059834
        },
        "unigram": {
          "@last": 0.04880328259875376,
          "@varlen": 0.05282698248054978
        }
      }
    },
    "recon": {
      "uniform": {
        "@1": 0.23804019329552775,
        "@2": 0.12238756815592448,
        "@3": 0.08288722085410191,
        "@4": 0.06299251566358387,
        "@5": 0.0512020989154573,
        "@varlen": 0.05515887725266519
      },
      "unigram": {
        "@1": 0.2131847974656427,
        "@2": 0.10663543664433814,
        "@3": 0.07230305802022713,
        "@4": 0.0553458800891836,
        "@5": 0.04569568425094995,
        "@varlen": 0.050110940843260905
      }
    },
    "codebook": {
      "perplexity@1": 1994.9962331677477,
      "codebook_usage@1": 0.747314453125,
      "perplexity@2": 3183.144884621786,
      "codebook_usage@2": 0.959228515625,
      "perplexity@3": 3058.9126658104897,
      "codebook_usage@3": 0.9560546875,
      "perplexity@4": 3020.3642474328153,
      "codebook_usage@4": 0.943603515625,
      "perplexity@5": 2822.547734132246,
      "codebook_usage@5": 0.88037109375,
      "perplexity_macro": 2815.993153033017,
      "codebook_usage_macro": 0.897314453125,
      "perplexity_micro": 3556.8501794524673,
      "codebook_usage_micro": 0.991455078125,
      "total_tokens_micro": 113526
    },
    "length": {
      "mean_uniform": 4.235254616675993,
      "mean_unigram": 4.074907006638974
    },
    "popularity_length": {
      "pop_stats_by_length": {
        "1": {
          "count": 622,
          "pop_mean": 388.94533762057875,
          "pop_median": 71.0,
          "pop_std": 1081.6425513650422,
          "pop_min": 16.0,
          "pop_max": 12155.0
        },
        "2": {
          "count": 1066,
          "pop_mean": 438.4765478424015,
          "pop_median": 74.0,
          "pop_std": 1374.2901361512868,
          "pop_min": 16.0,
          "pop_max": 18849.0
        },
        "3": {
          "count": 2967,
          "pop_mean": 366.18031681833503,
          "pop_median": 65.0,
          "pop_std": 1385.9416966661418,
          "pop_min": 16.0,
          "pop_max": 35356.0
        },
        "4": {
          "count": 8879,
          "pop_mean": 317.5639148552765,
          "pop_median": 56.0,
          "pop_std": 1269.3503023492538,
          "pop_min": 16.0,
          "pop_max": 42433.0
        },
        "5": {
          "count": 13271,
          "pop_mean": 251.91929771682615,
          "pop_median": 47.0,
          "pop_std": 1050.3292080379217,
          "pop_min": 16.0,
          "pop_max": 38767.0
        }
      }
    },
    "head_longtail": {
      "mean_length_head": 4.053691275167785,
      "mean_length_longtail": 4.257964323189927,
      "count_head": 2980,
      "count_longtail": 23825
    },
    "distinctness": {
      "n_items": 26805,
      "n_unique_codes": 26326,
      "unique_codes_per_item": 0.9821301995896288
    }
  },
  "cold": {
    "n_items": 30899,
    "recon": {
      "uniform": {
        "@1": 0.318665634363175,
        "@2": 0.176263604821069,
        "@3": 0.12381681137754098,
        "@4": 0.09575914206205902,
        "@5": 0.07769452726545062,
        "@varlen": 0.08093169922311544
      },
      "unigram": {
        "@1": 0.2575807561805781,
        "@2": 0.13850858072809905,
        "@3": 0.0924692309338464,
        "@4": 0.07096849675246288,
        "@5": 0.057340419327019554,
        "@varlen": 0.06110125371416316
      }
    },
    "codebook": {
      "perplexity@1": 1256.2492861454862,
      "codebook_usage@1": 0.698974609375,
      "perplexity@2": 2197.27503471233,
      "codebook_usage@2": 0.90625,
      "perplexity@3": 2534.998230274927,
      "codebook_usage@3": 0.927490234375,
      "perplexity@4": 2764.287587752926,
      "codebook_usage@4": 0.932861328125,
      "perplexity@5": 2774.2220739938007,
      "codebook_usage@5": 0.907958984375,