{
  "meta": {
    "varlen": false,
    "maxlen": 5,
    "vocab_size": 4096,
    "batch_size": 512,
    "per_step": true,
    "expected_holdout_frac": 0.1
  },
  "sanity": {
    "train_items": 274437,
    "holdout_items": 30493,
    "cold_items": 1220,
    "holdout_frac_of_train": 0.1111111111111111,
    "cold_minus_holdout": -29273
  },
  "train": {
    "n_items": 274437,
    "recon_head_longtail": {
      "head": {
        "uniform": {
          "@last": 0.09204956371439964
        },
        "unigram": {
          "@last": 0.09124880156920458
        }
      },
      "longtail": {
        "uniform": {
          "@last": 0.10161598569874629
        },
        "unigram": {
          "@last": 0.09806863410451747
        }
      }
    },
    "recon": {
      "uniform": {
        "@1": 0.23654677633699056,
        "@2": 0.17206292028051162,
        "@3": 0.13833616395798104,
        "@4": 0.11655454820152415,
        "@5": 0.10067226549372518
      },
      "unigram": {
        "@1": 0.22209651643209696,
        "@2": 0.16004905029962346,
        "@3": 0.12847448584353025,
        "@4": 0.10849225038870107,
        "@5": 0.09398613126010338
      }
    },
    "codebook": {
      "perplexity@1": 3406.9670670902865,
      "codebook_usage@1": 1.0,
      "perplexity@2": 2111.3629235099675,
      "codebook_usage@2": 0.999755859375,
      "perplexity@3": 1491.9147619047794,
      "codebook_usage@3": 0.999755859375,
      "perplexity@4": 1199.0416839765667,
      "codebook_usage@4": 0.99951171875,
      "perplexity@5": 1056.5617982388317,
      "codebook_usage@5": 0.999267578125,
      "perplexity_macro": 1853.1696469440867,
      "codebook_usage_macro": 0.999658203125,
      "perplexity_micro": 3288.585688006426,
      "codebook_usage_micro": 1.0,
      "total_tokens_micro": 1372185
    },
    "length": {
      "fixed": 5
    },
    "distinctness": {
      "n_items": 274437,
      "n_unique_codes": 269686,
      "unique_codes_per_item": 0.9826881943761228
    }
  },
  "holdout": {
    "n_items": 30493,
    "recon_head_longtail": {
      "head": {
        "uniform": {
          "@last": 0.1099589525085282
        },
        "unigram": {
          "@last": 0.11101924871487188
        }
      },
      "longtail": {
        "uniform": {
          "@last": 0.12326579179385314
        },
        "unigram": {
          "@last": 0.11834896702643025
        }
      }
    },
    "recon": {
      "uniform": {
        "@1": 0.24818312122944328,
        "@2": 0.18744678964565767,
        "@3": 0.1561827338254374,
        "@4": 0.13634373697350877,
        "@5": 0.12198847909333828
      },
      "unigram": {
        "@1": 0.23608987008739124,
        "@2": 0.1763017574317969,
        "@3": 0.14662019705606463,
        "@4": 0.12758280726114637,
        "@5": 0.11406428373970973
      }
    },
    "codebook": {
      "perplexity@1": 3090.529667538812,
      "codebook_usage@1": 0.948486328125,
      "perplexity@2": 1872.108689157593,
      "codebook_usage@2": 0.630859375,
      "perplexity@3": 1330.2521235446075,
      "codebook_usage@3": 0.46484375,
      "perplexity@4": 1119.1770713209783,
      "codebook_usage@4": 0.378662109375,
      "perplexity@5": 1025.7171225186892,
      "codebook_usage@5": 0.33203125,
      "perplexity_macro": 1687.556934816136,
      "codebook_usage_macro": 0.5509765625,
      "perplexity_micro": 3247.8725803657053,
      "codebook_usage_micro": 0.996337890625,
      "total_tokens_micro": 152465
    },
    "length": {
      "fixed": 5
    },
    "distinctness": {
      "n_items": 30493,
      "n_unique_codes": 30448,
      "unique_codes_per_item": 0.99852425146755
    }
  },
  "cold": {
    "n_items": 1220,
    "recon": {
      "uniform": {
        "@1": 0.26484213969746556,
        "@2": 0.20675684194095784,
        "@3": 0.17641507758468866,
        "@4": 0.15559470692618937,
        "@5": 0.13973350055882178
      },
      "unigram": {
        "@1": 0.2624349748900993,
        "@2": 0.20475367305625933,
        "@3": 0.17453808175336377,
        "@4": 0.15377485989711487,
        "@5": 0.13818208334022783
      }
    },
    "codebook": {
      "perplexity@1": 660.5885341925953,
      "codebook_usage@1": 0.19091796875,
      "perplexity@2": 700.6290478183099,
      "codebook_usage@2": 0.195556640625,
      "perplexity@3": 652.2376789416421,
      "codebook_usage@3": 0.183349609375,
      "perplexity@4": 624.3042334764607,
      "codebook_usage@4": 0.17578125,
      "perplexity@5": 613.2685343073908,
      "codebook_usage@5": 0.172607421875,
      "perplexity_macro": 650.2056057472797,
      "codebook_usage_macro": 0.183642578125,
      "perplexity_micro": 2113.155008474836,
      "codebook_usage_micro": 0.628173828125,
      "total_tokens_micro": 6100
    },
    "length": {
      "fixed": 5
    },
    "distinctness": {
      "n_items": 1220,
      "n_unique_codes": 1219,
      "unique_codes_per_item": 0.9991803278688525
    }
  }
}