{
  "cfg": {
    "append_unique_token": true,
    "budget_mode": "tokens",
    "data_dir": "./data/yambda",
    "device": "cuda",
    "eval": {
      "beam_size": 100,
      "catalog_size": 1,
      "k_list": [
        1,
        10,
        100
      ],
      "max_batch_tokens": 32768,
      "max_batch_users": 1024,
      "max_candidates": 100,
      "per_code_max_items": 10
    },
    "flatten_codebooks": false,
    "history_budget": 512,
    "item_col": "item_id",
    "min_item_count": 16,
    "num_special_tokens": 2,
    "pop_k": 30000,
    "seed": 42,
    "semantic_ids_path": "./results/RQ2/yambda/dvae_varlen_4/sids.parquet",
    "sep_token": 1,
    "summary_json": "./results/RQ2/yambda/dvae_varlen_4.json",
    "target_col": "target",
    "test_interactions_path": "seqrec_test_sample_interactions.parquet",
    "time_col": "timestamp",
    "train": {
      "adam_lr": 0.008,
      "compile": true,
      "compile_dynamic": false,
      "depth": 8,
      "device_batch_size": 128,
      "final_lr_frac": 0.1,
      "grad_clip": 0.0,
      "ideal_batch_size_tokens": 262144,
      "matmul_precision": "high",
      "muon_lr": 0.06,
      "tf32": true,
      "warmdown_ratio": 0.45,
      "weight_decay": 0.0
    },
    "user_col": "user_id",
    "user_start_token": 0
  },
  "metrics": {
    "coverage@1": 5303.0,
    "coverage@10": 20322.0,
    "coverage@100": 69155.0,
    "head_ndcg@1": 0.010908040164704171,
    "head_ndcg@10": 0.03182345987267752,
    "head_ndcg@100": 0.06501707255300675,
    "head_recall@1": 0.010908040164704171,
    "head_recall@10": 0.061402875099328416,
    "head_recall@100": 0.2312360037564105,
    "long_tail_share": 0.09694051438489826,
    "mean_candidate_sid_length": 2.8635328459476206,
    "ndcg@1": 0.007994530058381171,
    "ndcg@10": 0.02389612428871234,
    "ndcg@100": 0.05020958109376773,
    "recall@1": 0.007994530058381171,
    "recall@10": 0.046599694945563576,
    "recall@100": 0.18203334560563633,
    "tail_ndcg@1": 0.00019342359767891696,
    "tail_ndcg@10": 0.0026701849291710135,
    "tail_ndcg@100": 0.010561591873216146,
    "tail_recall@1": 0.00019342359767891696,
    "tail_recall@10": 0.006963249516441013,
    "tail_recall@100": 0.05029013539651845,
    "unique_sids_per_user": 100.0
  },
  "stats": {
    "append_unique_token": true,
    "budget_mode": "tokens",
    "data_dir": "./data/yambda",
    "flatten_codebooks": false,
    "history_budget_total": 512,
    "item_col": "item_id",
    "min_item_count": 16,
    "n_test_interactions_after_core": 130766,
    "n_train_interactions_after_core": 78995095,
    "n_users_pretrain": 812012,
    "n_users_test": 19013,
    "num_special_tokens": 2,
    "pop_k": 30000,
    "pretrain_avg_len_tokens": 191.98195716319464,
    "pretrain_max_len_observed": 512,
    "seed": 42,
    "semantic_ids_path": "./results/RQ2/yambda/dvae_varlen_4/sids.parquet",
    "sep_token": 1,
    "sid_len_max": 6,
    "sid_stream_len_max": 6,
    "target_col": "target",
    "test_avg_len_events": 93.1312813400192,
    "test_avg_len_tokens": 277.7151422710777,
    "test_history_budget": 505,
    "test_max_len_observed": 506,
    "test_path": "./data/yambda/seqrec_test_sample_interactions.parquet",
    "time_col": "timestamp",
    "token_dtype": "UInt32",
    "token_offset": 2,
    "train_avg_len_events": 63.71485643069314,
    "train_history_budget": 511,
    "train_path": "./data/yambda/seqrec_train_interactions.parquet",
    "unique_token_offset": 4098,
    "user_col": "user_id",
    "user_start_token": 0,
    "vocab_size": 4711
  }
}