{
  "cfg": {
    "append_unique_token": true,
    "budget_mode": "tokens",
    "data_dir": "./data/yambda",
    "device": "cuda",
    "eval": {
      "beam_size": 100,
      "catalog_size": 1,
      "k_list": [
        1,
        10,
        100
      ],
      "max_batch_tokens": 32768,
      "max_batch_users": 1024,
      "max_candidates": 100,
      "per_code_max_items": 10
    },
    "flatten_codebooks": false,
    "history_budget": 512,
    "item_col": "item_id",
    "min_item_count": 16,
    "num_special_tokens": 2,
    "pop_k": 30000,
    "seed": 42,
    "semantic_ids_path": "./results/RQ2/yambda/dvae_varlen/sids.parquet",
    "sep_token": 1,
    "summary_json": "./results/RQ2/yambda/dvae_varlen.json",
    "target_col": "target",
    "test_interactions_path": "seqrec_test_sample_interactions.parquet",
    "time_col": "timestamp",
    "train": {
      "adam_lr": 0.008,
      "compile": true,
      "compile_dynamic": false,
      "depth": 8,
      "device_batch_size": 128,
      "final_lr_frac": 0.1,
      "grad_clip": 0.0,
      "ideal_batch_size_tokens": 262144,
      "matmul_precision": "high",
      "muon_lr": 0.06,
      "tf32": true,
      "warmdown_ratio": 0.45,
      "weight_decay": 0.0
    },
    "user_col": "user_id",
    "user_start_token": 0
  },
  "metrics": {
    "coverage@1": 5205.0,
    "coverage@10": 19746.0,
    "coverage@100": 67271.0,
    "head_ndcg@1": 0.010980278841291642,
    "head_ndcg@10": 0.03116730882214289,
    "head_ndcg@100": 0.06403685535676659,
    "head_recall@1": 0.010980278841291642,
    "head_recall@10": 0.06046377230369148,
    "head_recall@100": 0.22841869536950052,
    "long_tail_share": 0.09281281228632643,
    "mean_candidate_sid_length": 3.048266975227441,
    "ndcg@1": 0.008099721243359798,
    "ndcg@10": 0.023348597605258637,
    "ndcg@100": 0.049402846411628634,
    "recall@1": 0.008099721243359798,
    "recall@10": 0.045495187503287314,
    "recall@100": 0.17940356598116927,
    "tail_ndcg@1": 0.00038684719535783294,
    "tail_ndcg@10": 0.0024135068169940438,
    "tail_ndcg@100": 0.010219367528157058,
    "tail_recall@1": 0.00038684719535783294,
    "tail_recall@10": 0.005415860735009673,
    "tail_recall@100": 0.04816247582205013,
    "unique_sids_per_user": 100.0
  },
  "stats": {
    "append_unique_token": true,
    "budget_mode": "tokens",
    "data_dir": "./data/yambda",
    "flatten_codebooks": false,
    "history_budget_total": 512,
    "item_col": "item_id",
    "min_item_count": 16,
    "n_test_interactions_after_core": 130766,
    "n_train_interactions_after_core": 78995095,
    "n_users_pretrain": 812012,
    "n_users_test": 19013,
    "num_special_tokens": 2,
    "pop_k": 30000,
    "pretrain_avg_len_tokens": 200.17572154106097,
    "pretrain_max_len_observed": 512,
    "seed": 42,
    "semantic_ids_path": "./results/RQ2/yambda/dvae_varlen/sids.parquet",
    "sep_token": 1,
    "sid_len_max": 6,
    "sid_stream_len_max": 6,
    "target_col": "target",
    "test_avg_len_events": 88.92595753760803,
    "test_avg_len_tokens": 287.6769052753379,
    "test_history_budget": 505,
    "test_max_len_observed": 506,
    "test_path": "./data/yambda/seqrec_test_sample_interactions.parquet",
    "time_col": "timestamp",
    "token_dtype": "UInt32",
    "token_offset": 2,
    "train_avg_len_events": 61.33455786367689,
    "train_history_budget": 511,
    "train_path": "./data/yambda/seqrec_train_interactions.parquet",
    "unique_token_offset": 4098,
    "user_col": "user_id",
    "user_start_token": 0,
    "vocab_size": 4646
  }
}