{
  "cfg": {
    "append_unique_token": true,
    "budget_mode": "tokens",
    "data_dir": "./data/yambda",
    "device": "cuda",
    "eval": {
      "beam_size": 100,
      "catalog_size": 1,
      "k_list": [
        1,
        10,
        100
      ],
      "max_batch_tokens": 32768,
      "max_batch_users": 1024,
      "max_candidates": 100,
      "per_code_max_items": 10
    },
    "flatten_codebooks": false,
    "history_budget": 512,
    "item_col": "item_id",
    "min_item_count": 16,
    "num_special_tokens": 2,
    "pop_k": 30000,
    "seed": 42,
    "semantic_ids_path": "./results/RQ2/yambda/rkmeans/sids.parquet",
    "sep_token": 1,
    "summary_json": "./results/RQ2/yambda/rkmeans.json",
    "target_col": "target",
    "test_interactions_path": "seqrec_test_sample_interactions.parquet",
    "time_col": "timestamp",
    "train": {
      "adam_lr": 0.008,
      "compile": true,
      "compile_dynamic": false,
      "depth": 8,
      "device_batch_size": 128,
      "final_lr_frac": 0.1,
      "grad_clip": 0.0,
      "ideal_batch_size_tokens": 262144,
      "matmul_precision": "high",
      "muon_lr": 0.06,
      "tf32": true,
      "warmdown_ratio": 0.45,
      "weight_decay": 0.0
    },
    "user_col": "user_id",
    "user_start_token": 0
  },
  "metrics": {
    "coverage@1": 3223.0,
    "coverage@10": 12666.0,
    "coverage@100": 48838.0,
    "head_ndcg@1": 0.008379686484143566,
    "head_ndcg@10": 0.027512435573337955,
    "head_ndcg@100": 0.05811894524856726,
    "head_recall@1": 0.008379686484143566,
    "head_recall@10": 0.05562378097233281,
    "head_recall@100": 0.21404319872859925,
    "long_tail_share": 0.05454425919108252,
    "mean_candidate_sid_length": 6.0,
    "ndcg@1": 0.006206279913743215,
    "ndcg@10": 0.02037189320436494,
    "ndcg@100": 0.04393438949333954,
    "recall@1": 0.006206279913743215,
    "recall@10": 0.04128754010413912,
    "recall@100": 0.16373007941934437,
    "tail_ndcg@1": 0.00038684719535783457,
    "tail_ndcg@10": 0.001252642137886315,
    "tail_ndcg@100": 0.0059543497796802364,
    "tail_recall@1": 0.00038684719535783457,
    "tail_recall@10": 0.0029013539651837595,
    "tail_recall@100": 0.029013539651837623,
    "unique_sids_per_user": 100.0
  },
  "stats": {
    "append_unique_token": true,
    "budget_mode": "tokens",
    "data_dir": "./data/yambda",
    "flatten_codebooks": false,
    "history_budget_total": 512,
    "item_col": "item_id",
    "min_item_count": 16,
    "n_test_interactions_after_core": 130766,
    "n_train_interactions_after_core": 78995095,
    "n_users_pretrain": 812012,
    "n_users_test": 19013,
    "num_special_tokens": 2,
    "pop_k": 30000,
    "pretrain_avg_len_tokens": 269.3741939774289,
    "pretrain_max_len_observed": 511,
    "seed": 42,
    "semantic_ids_path": "./results/RQ2/yambda/rkmeans/sids.parquet",
    "sep_token": 1,
    "sid_len_max": 6,
    "sid_stream_len_max": 6,
    "target_col": "target",
    "test_avg_len_events": 61.49290515309933,
    "test_avg_len_tokens": 364.77615315836533,
    "test_history_budget": 505,
    "test_max_len_observed": 505,
    "test_path": "./data/yambda/seqrec_test_sample_interactions.parquet",
    "time_col": "timestamp",
    "token_dtype": "UInt32",
    "token_offset": 2,
    "train_avg_len_events": 44.72903232957148,
    "train_history_budget": 511,
    "train_path": "./data/yambda/seqrec_train_interactions.parquet",
    "unique_token_offset": 4098,
    "user_col": "user_id",
    "user_start_token": 0,
    "vocab_size": 4138
  }
}