{
  "cfg": {
    "append_unique_token": true,
    "budget_mode": "tokens",
    "data_dir": "./data/vklsvd",
    "device": "cuda",
    "eval": {
      "beam_size": 100,
      "catalog_size": 1,
      "k_list": [
        1,
        10,
        100
      ],
      "max_batch_tokens": 32768,
      "max_batch_users": 1024,
      "max_candidates": 100,
      "per_code_max_items": 10
    },
    "flatten_codebooks": false,
    "history_budget": 512,
    "item_col": "item_id",
    "min_item_count": 16,
    "num_special_tokens": 2,
    "pop_k": 30000,
    "seed": 42,
    "semantic_ids_path": "./results/RQ2/vklsvd/dvae_varlen/sids.parquet",
    "sep_token": 1,
    "summary_json": "./results/RQ2/vklsvd/dvae_varlen.json",
    "target_col": "target",
    "test_interactions_path": "seqrec_test_sample_interactions.parquet",
    "time_col": "timestamp",
    "train": {
      "adam_lr": 0.008,
      "compile": true,
      "compile_dynamic": false,
      "depth": 8,
      "device_batch_size": 128,
      "final_lr_frac": 0.1,
      "grad_clip": 0.0,
      "ideal_batch_size_tokens": 262144,
      "matmul_precision": "high",
      "muon_lr": 0.06,
      "tf32": true,
      "warmdown_ratio": 0.45,
      "weight_decay": 0.0
    },
    "user_col": "user_id",
    "user_start_token": 0
  },
  "metrics": {
    "coverage@1": 3072.0,
    "coverage@10": 14628.0,
    "coverage@100": 73443.0,
    "head_ndcg@1": 0.006348459910651313,
    "head_ndcg@10": 0.017556291852915688,
    "head_ndcg@100": 0.034163929468615864,
    "head_recall@1": 0.006348459910651313,
    "head_recall@10": 0.03338819656712905,
    "head_recall@100": 0.11638843169527407,
    "long_tail_share": 0.3965230723576839,
    "mean_candidate_sid_length": 4.251574756417346,
    "ndcg@1": 0.0014837529056827762,
    "ndcg@10": 0.004269692075205112,
    "ndcg@100": 0.010702242877999393,
    "recall@1": 0.0014837529056827762,
    "recall@10": 0.008309016271823542,
    "recall@100": 0.041495622928928326,
    "tail_ndcg@1": 0.00018789928598271236,
    "tail_ndcg@10": 0.0007304268331530371,
    "tail_ndcg@100": 0.004452552719544478,
    "tail_recall@1": 0.00018789928598271236,
    "tail_recall@10": 0.0016284604785168533,
    "tail_recall@100": 0.021545784792684503,
    "unique_sids_per_user": 100.0
  },
  "stats": {
    "append_unique_token": true,
    "budget_mode": "tokens",
    "data_dir": "./data/vklsvd",
    "flatten_codebooks": false,
    "history_budget_total": 512,
    "item_col": "item_id",
    "min_item_count": 16,
    "n_test_interactions_after_core": 20219,
    "n_train_interactions_after_core": 91478297,
    "n_users_pretrain": 684934,
    "n_users_test": 20219,
    "num_special_tokens": 2,
    "pop_k": 30000,
    "pretrain_avg_len_tokens": 139.60845716521592,
    "pretrain_max_len_observed": 512,
    "seed": 42,
    "semantic_ids_path": "./results/RQ2/vklsvd/dvae_varlen/sids.parquet",
    "sep_token": 1,
    "sid_len_max": 6,
    "sid_stream_len_max": 6,
    "target_col": "target",
    "test_avg_len_events": 66.59813702534868,
    "test_avg_len_tokens": 308.49616697166033,
    "test_history_budget": 505,
    "test_max_len_observed": 506,
    "test_path": "./data/vklsvd/seqrec_test_sample_interactions.parquet",
    "time_col": "timestamp",
    "token_dtype": "UInt32",
    "token_offset": 2,
    "train_avg_len_events": 29.125036864865812,
    "train_history_budget": 511,
    "train_path": "./data/vklsvd/seqrec_train_interactions.parquet",
    "unique_token_offset": 4098,
    "user_col": "user_id",
    "user_start_token": 0,
    "vocab_size": 5105
  }
}