{
  "cfg": {
    "append_unique_token": true,
    "budget_mode": "tokens",
    "data_dir": "./data/vklsvd",
    "device": "cuda",
    "eval": {
      "beam_size": 100,
      "catalog_size": 1,
      "k_list": [
        1,
        10,
        100
      ],
      "max_batch_tokens": 32768,
      "max_batch_users": 1024,
      "max_candidates": 100,
      "per_code_max_items": 10
    },
    "flatten_codebooks": false,
    "history_budget": 512,
    "item_col": "item_id",
    "min_item_count": 16,
    "num_special_tokens": 2,
    "pop_k": 30000,
    "seed": 42,
    "semantic_ids_path": "./results/RQ2/vklsvd/dvae/sids.parquet",
    "sep_token": 1,
    "summary_json": "./results/RQ2/vklsvd/dvae.json",
    "target_col": "target",
    "test_interactions_path": "seqrec_test_sample_interactions.parquet",
    "time_col": "timestamp",
    "train": {
      "adam_lr": 0.008,
      "compile": true,
      "compile_dynamic": false,
      "depth": 8,
      "device_batch_size": 128,
      "final_lr_frac": 0.1,
      "grad_clip": 0.0,
      "ideal_batch_size_tokens": 262144,
      "matmul_precision": "high",
      "muon_lr": 0.06,
      "tf32": true,
      "warmdown_ratio": 0.45,
      "weight_decay": 0.0
    },
    "user_col": "user_id",
    "user_start_token": 0
  },
  "metrics": {
    "coverage@1": 2228.0,
    "coverage@10": 11004.0,
    "coverage@100": 59137.0,
    "head_ndcg@1": 0.00587820362097345,
    "head_ndcg@10": 0.017969713221538116,
    "head_ndcg@100": 0.03422662869537106,
    "head_recall@1": 0.00587820362097345,
    "head_recall@10": 0.034563837291323785,
    "head_recall@100": 0.11662355984011287,
    "long_tail_share": 0.3883372075770277,
    "mean_candidate_sid_length": 6.0,
    "ndcg@1": 0.0012859191849250678,
    "ndcg@10": 0.004595259570615631,
    "ndcg@100": 0.010654517354659101,
    "recall@1": 0.0012859191849250678,
    "recall@10": 0.009298184875612011,
    "recall@100": 0.04100103862703398,
    "tail_ndcg@1": 6.263309532757074e-05,
    "tail_ndcg@10": 0.0010325919408164922,
    "tail_ndcg@100": 0.004375412410900558,
    "tail_recall@1": 6.263309532757074e-05,
    "tail_recall@10": 0.002567956908430416,
    "tail_recall@100": 0.020856820744081038,
    "unique_sids_per_user": 100.0
  },
  "stats": {
    "append_unique_token": true,
    "budget_mode": "tokens",
    "data_dir": "./data/vklsvd",
    "flatten_codebooks": false,
    "history_budget_total": 512,
    "item_col": "item_id",
    "min_item_count": 16,
    "n_test_interactions_after_core": 20219,
    "n_train_interactions_after_core": 91478297,
    "n_users_pretrain": 684934,
    "n_users_test": 20219,
    "num_special_tokens": 2,
    "pop_k": 30000,
    "pretrain_avg_len_tokens": 152.42713896521417,
    "pretrain_max_len_observed": 511,
    "seed": 42,
    "semantic_ids_path": "./results/RQ2/vklsvd/dvae/sids.parquet",
    "sep_token": 1,
    "sid_len_max": 6,
    "sid_stream_len_max": 6,
    "target_col": "target",
    "test_avg_len_events": 55.868980963045914,
    "test_avg_len_tokens": 326.71403135664474,
    "test_history_budget": 505,
    "test_max_len_observed": 505,
    "test_path": "./data/vklsvd/seqrec_test_sample_interactions.parquet",
    "time_col": "timestamp",
    "token_dtype": "UInt32",
    "token_offset": 2,
    "train_avg_len_events": 25.23785649420236,
    "train_history_budget": 511,
    "train_path": "./data/vklsvd/seqrec_train_interactions.parquet",
    "unique_token_offset": 4098,
    "user_col": "user_id",
    "user_start_token": 0,
    "vocab_size": 4138
  }
}