{
  "cfg": {
    "append_unique_token": true,
    "budget_mode": "tokens",
    "data_dir": "./data/vklsvd",
    "device": "cuda",
    "eval": {
      "beam_size": 100,
      "catalog_size": 1,
      "k_list": [
        1,
        10,
        100
      ],
      "max_batch_tokens": 32768,
      "max_batch_users": 1024,
      "max_candidates": 100,
      "per_code_max_items": 10
    },
    "flatten_codebooks": false,
    "history_budget": 512,
    "item_col": "item_id",
    "min_item_count": 16,
    "num_special_tokens": 2,
    "pop_k": 30000,
    "seed": 42,
    "semantic_ids_path": "./results/RQ2/vklsvd/dvae_varlen_2/sids.parquet",
    "sep_token": 1,
    "summary_json": "./results/RQ2/vklsvd/dvae_varlen_2.json",
    "target_col": "target",
    "test_interactions_path": "seqrec_test_sample_interactions.parquet",
    "time_col": "timestamp",
    "train": {
      "adam_lr": 0.008,
      "compile": true,
      "compile_dynamic": false,
      "depth": 8,
      "device_batch_size": 128,
      "final_lr_frac": 0.1,
      "grad_clip": 0.0,
      "ideal_batch_size_tokens": 262144,
      "matmul_precision": "high",
      "muon_lr": 0.06,
      "tf32": true,
      "warmdown_ratio": 0.45,
      "weight_decay": 0.0
    },
    "user_col": "user_id",
    "user_start_token": 0
  },
  "metrics": {
    "coverage@1": 3506.0,
    "coverage@10": 16330.0,
    "coverage@100": 81174.0,
    "head_ndcg@1": 0.004937691041617687,
    "head_ndcg@10": 0.01703919568393643,
    "head_ndcg@100": 0.03216217234412126,
    "head_recall@1": 0.004937691041617687,
    "head_recall@10": 0.03244768398777335,
    "head_recall@100": 0.10980484363978367,
    "long_tail_share": 0.41552500123646074,
    "mean_candidate_sid_length": 3.9582798357980415,
    "ndcg@1": 0.0011870023245462251,
    "ndcg@10": 0.0043169374146706544,
    "ndcg@100": 0.010663932190492855,
    "recall@1": 0.0011870023245462251,
    "recall@10": 0.008556308422770699,
    "recall@100": 0.04179237351006494,
    "tail_ndcg@1": 0.00018789928598271388,
    "tail_ndcg@10": 0.0009280006478419264,
    "tail_ndcg@100": 0.0049372620556198295,
    "tail_recall@1": 0.00018789928598271388,
    "tail_recall@10": 0.0021921583364649874,
    "tail_recall@100": 0.023675310033821822,
    "unique_sids_per_user": 100.0
  },
  "stats": {
    "append_unique_token": true,
    "budget_mode": "tokens",
    "data_dir": "./data/vklsvd",
    "flatten_codebooks": false,
    "history_budget_total": 512,
    "item_col": "item_id",
    "min_item_count": 16,
    "n_test_interactions_after_core": 20219,
    "n_train_interactions_after_core": 91478297,
    "n_users_pretrain": 684934,
    "n_users_test": 20219,
    "num_special_tokens": 2,
    "pop_k": 30000,
    "pretrain_avg_len_tokens": 135.63002128672252,
    "pretrain_max_len_observed": 512,
    "seed": 42,
    "semantic_ids_path": "./results/RQ2/vklsvd/dvae_varlen_2/sids.parquet",
    "sep_token": 1,
    "sid_len_max": 6,
    "sid_stream_len_max": 6,
    "target_col": "target",
    "test_avg_len_events": 70.49445179680342,
    "test_avg_len_tokens": 302.6231267619566,
    "test_history_budget": 505,
    "test_max_len_observed": 506,
    "test_path": "./data/vklsvd/seqrec_test_sample_interactions.parquet",
    "time_col": "timestamp",
    "token_dtype": "UInt32",
    "token_offset": 2,
    "train_avg_len_events": 30.51386702952401,
    "train_history_budget": 511,
    "train_path": "./data/vklsvd/seqrec_train_interactions.parquet",
    "unique_token_offset": 4098,
    "user_col": "user_id",
    "user_start_token": 0,
    "vocab_size": 4872
  }
}