{
  "cfg": {
    "append_unique_token": true,
    "budget_mode": "tokens",
    "data_dir": "./data/vklsvd",
    "device": "cuda",
    "eval": {
      "beam_size": 100,
      "catalog_size": 1,
      "k_list": [
        1,
        10,
        100
      ],
      "max_batch_tokens": 32768,
      "max_batch_users": 1024,
      "max_candidates": 100,
      "per_code_max_items": 10
    },
    "flatten_codebooks": false,
    "history_budget": 512,
    "item_col": "item_id",
    "min_item_count": 16,
    "num_special_tokens": 2,
    "pop_k": 30000,
    "seed": 42,
    "semantic_ids_path": "./results/RQ2/vklsvd/dvae_varlen_3/sids.parquet",
    "sep_token": 1,
    "summary_json": "./results/RQ2/vklsvd/dvae_varlen_3.json",
    "target_col": "target",
    "test_interactions_path": "seqrec_test_sample_interactions.parquet",
    "time_col": "timestamp",
    "train": {
      "adam_lr": 0.008,
      "compile": true,
      "compile_dynamic": false,
      "depth": 8,
      "device_batch_size": 128,
      "final_lr_frac": 0.1,
      "grad_clip": 0.0,
      "ideal_batch_size_tokens": 262144,
      "matmul_precision": "high",
      "muon_lr": 0.06,
      "tf32": true,
      "warmdown_ratio": 0.45,
      "weight_decay": 0.0
    },
    "user_col": "user_id",
    "user_start_token": 0
  },
  "metrics": {
    "coverage@1": 4122.0,
    "coverage@10": 19233.0,
    "coverage@100": 92700.0,
    "head_ndcg@1": 0.004232306607100867,
    "head_ndcg@10": 0.01556426761290645,
    "head_ndcg@100": 0.033284854347087715,
    "head_recall@1": 0.004232306607100867,
    "head_recall@10": 0.031036915118739697,
    "head_recall@100": 0.12109099459205255,
    "long_tail_share": 0.4422053514021459,
    "mean_candidate_sid_length": 3.5024729215097072,
    "ndcg@1": 0.0013353776151144956,
    "ndcg@10": 0.004494760916525015,
    "ndcg@100": 0.011501695549144776,
    "recall@1": 0.0013353776151144956,
    "recall@10": 0.009050892724664958,
    "recall@100": 0.04584796478559752,
    "tail_ndcg@1": 0.00056369785794814,
    "tail_ndcg@10": 0.0015460817245101157,
    "tail_ndcg@100": 0.005699129197669664,
    "tail_recall@1": 0.00056369785794814,
    "tail_recall@10": 0.0031942878617061184,
    "tail_recall@100": 0.02580483527495919,
    "unique_sids_per_user": 100.0
  },
  "stats": {
    "append_unique_token": true,
    "budget_mode": "tokens",
    "data_dir": "./data/vklsvd",
    "flatten_codebooks": false,
    "history_budget_total": 512,
    "item_col": "item_id",
    "min_item_count": 16,
    "n_test_interactions_after_core": 20219,
    "n_train_interactions_after_core": 91478297,
    "n_users_pretrain": 684934,
    "n_users_test": 20219,
    "num_special_tokens": 2,
    "pop_k": 30000,
    "pretrain_avg_len_tokens": 128.28291047020588,
    "pretrain_max_len_observed": 512,
    "seed": 42,
    "semantic_ids_path": "./results/RQ2/vklsvd/dvae_varlen_3/sids.parquet",
    "sep_token": 1,
    "sid_len_max": 6,
    "sid_stream_len_max": 6,
    "target_col": "target",
    "test_avg_len_events": 78.24223760561947,
    "test_avg_len_tokens": 291.71403135664474,
    "test_history_budget": 505,
    "test_max_len_observed": 506,
    "test_path": "./data/vklsvd/seqrec_test_sample_interactions.parquet",
    "time_col": "timestamp",
    "token_dtype": "UInt32",
    "token_offset": 2,
    "train_avg_len_events": 33.230070342543954,
    "train_history_budget": 511,
    "train_path": "./data/vklsvd/seqrec_train_interactions.parquet",
    "unique_token_offset": 4098,
    "user_col": "user_id",
    "user_start_token": 0,
    "vocab_size": 5027
  }
}