{
  "cfg": {
    "append_unique_token": true,
    "budget_mode": "tokens",
    "data_dir": "./data/vklsvd",
    "device": "cuda",
    "eval": {
      "beam_size": 100,
      "catalog_size": 1,
      "k_list": [
        1,
        10,
        100
      ],
      "max_batch_tokens": 32768,
      "max_batch_users": 1024,
      "max_candidates": 100,
      "per_code_max_items": 10
    },
    "flatten_codebooks": false,
    "history_budget": 512,
    "item_col": "item_id",
    "min_item_count": 16,
    "num_special_tokens": 2,
    "pop_k": 30000,
    "seed": 42,
    "semantic_ids_path": "./results/RQ2/vklsvd/rkmeans/sids.parquet",
    "sep_token": 1,
    "summary_json": "./results/RQ2/vklsvd/rkmeans.json",
    "target_col": "target",
    "test_interactions_path": "seqrec_test_sample_interactions.parquet",
    "time_col": "timestamp",
    "train": {
      "adam_lr": 0.008,
      "compile": true,
      "compile_dynamic": false,
      "depth": 8,
      "device_batch_size": 128,
      "final_lr_frac": 0.1,
      "grad_clip": 0.0,
      "ideal_batch_size_tokens": 262144,
      "matmul_precision": "high",
      "muon_lr": 0.06,
      "tf32": true,
      "warmdown_ratio": 0.45,
      "weight_decay": 0.0
    },
    "user_col": "user_id",
    "user_start_token": 0
  },
  "metrics": {
    "coverage@1": 1586.0,
    "coverage@10": 8207.0,
    "coverage@100": 46040.0,
    "head_ndcg@1": 0.005643075476134509,
    "head_ndcg@10": 0.016839824638144197,
    "head_ndcg@100": 0.032557996245668124,
    "head_recall@1": 0.005643075476134509,
    "head_recall@10": 0.032917940277451256,
    "head_recall@100": 0.11333176581236797,
    "long_tail_share": 0.26244720312577297,
    "mean_candidate_sid_length": 6.0,
    "ndcg@1": 0.0012364607547356511,
    "ndcg@10": 0.003868213329740298,
    "ndcg@100": 0.009273328787450226,
    "recall@1": 0.0012364607547356511,
    "recall@10": 0.007666056679360997,
    "recall@100": 0.03625302932884903,
    "tail_ndcg@1": 6.263309532757074e-05,
    "tail_ndcg@10": 0.0004128542608036792,
    "tail_ndcg@100": 0.003070792729589799,
    "tail_recall@1": 6.263309532757074e-05,
    "tail_recall@10": 0.0009394964299135652,
    "tail_recall@100": 0.015720906927220307,
    "unique_sids_per_user": 100.0
  },
  "stats": {
    "append_unique_token": true,
    "budget_mode": "tokens",
    "data_dir": "./data/vklsvd",
    "flatten_codebooks": false,
    "history_budget_total": 512,
    "item_col": "item_id",
    "min_item_count": 16,
    "n_test_interactions_after_core": 20219,
    "n_train_interactions_after_core": 91478297,
    "n_users_pretrain": 684934,
    "n_users_test": 20219,
    "num_special_tokens": 2,
    "pop_k": 30000,
    "pretrain_avg_len_tokens": 152.42713896521417,
    "pretrain_max_len_observed": 511,
    "seed": 42,
    "semantic_ids_path": "./results/RQ2/vklsvd/rkmeans/sids.parquet",
    "sep_token": 1,
    "sid_len_max": 6,
    "sid_stream_len_max": 6,
    "target_col": "target",
    "test_avg_len_events": 55.868980963045914,
    "test_avg_len_tokens": 326.71403135664474,
    "test_history_budget": 505,
    "test_max_len_observed": 505,
    "test_path": "./data/vklsvd/seqrec_test_sample_interactions.parquet",
    "time_col": "timestamp",
    "token_dtype": "UInt32",
    "token_offset": 2,
    "train_avg_len_events": 25.23785649420236,
    "train_history_budget": 511,
    "train_path": "./data/vklsvd/seqrec_train_interactions.parquet",
    "unique_token_offset": 4098,
    "user_col": "user_id",
    "user_start_token": 0,
    "vocab_size": 4145
  }
}