{
  "meta": {
    "varlen": false,
    "maxlen": 5,
    "vocab_size": 4096,
    "batch_size": 512,
    "per_step": true,
    "expected_holdout_frac": 0.01
  },
  "sanity": {
    "train_holdout_items": 268054
  },
  "train_holdout": {
    "n_items": 268054,
    "recon_head_longtail": {
      "head": {
        "uniform": {
          "@last": 0.0389330899477005
        },
        "unigram": {
          "@last": 0.03853689776018608
        }
      },
      "longtail": {
        "uniform": {
          "@last": 0.041303322714566736
        },
        "unigram": {
          "@last": 0.039890827250888015
        }
      }
    },
    "recon": {
      "uniform": {
        "@1": 0.16707304844003146,
        "@2": 0.0994942754962237,
        "@3": 0.07003849074824305,
        "@4": 0.05259527267771074,
        "@5": 0.04103805159147739
      },
      "unigram": {
        "@1": 0.1650620795408187,
        "@2": 0.09653404487745378,
        "@3": 0.06724669342909766,
        "@4": 0.05009747430952319,
        "@5": 0.0388796622748617
      }
    },
    "codebook": {
      "perplexity@1": 3764.711673505595,
      "codebook_usage@1": 1.0,
      "perplexity@2": 3157.0452864979125,
      "codebook_usage@2": 0.999755859375,
      "perplexity@3": 2595.2023538721887,
      "codebook_usage@3": 0.998779296875,
      "perplexity@4": 2281.5477763281147,
      "codebook_usage@4": 0.998779296875,
      "perplexity@5": 2114.6613109958303,
      "codebook_usage@5": 0.997314453125,
      "perplexity_macro": 2782.6336802399283,
      "codebook_usage_macro": 0.99892578125,
      "perplexity_micro": 3750.600282872248,
      "codebook_usage_micro": 1.0,
      "total_tokens_micro": 1340270
    },
    "length": {
      "fixed": 5
    },
    "distinctness": {
      "n_items": 268054,
      "n_unique_codes": 259847,
      "unique_codes_per_item": 0.9693830347616526
    }
  }
}